{
  "next-env.d.ts": 1779735256.2590332,
  "next.config.ts": 1779729509.4601998,
  "app/layout.tsx": 1779735191.8971317,
  "app/page.tsx": 1779739639.861421,
  "app/[category]/page.tsx": 1779735484.4116836,
  "app/[category]/[slug]/page.tsx": 1779735546.599576,
  "types/wordpress.ts": 1779739470.172657,
  "lib/wordpress.ts": 1779729643.2648706,
  "lib/format.ts": 1779729778.2585382,
  "lib/site.ts": 1779736208.5493898,
  "lib/parseGallery.ts": 1779739453.59168,
  "lib/graphql/fragments/seo.ts": 1779729651.3948505,
  "lib/graphql/fragments/postFields.ts": 1779729660.8488274,
  "lib/graphql/queries/post.ts": 1779730198.8634174,
  "lib/graphql/queries/posts.ts": 1779730221.516355,
  "lib/graphql/queries/categories.ts": 1779734544.182077,
  "lib/graphql/queries/pages.ts": 1779739481.4266412,
  "lib/mocks/posts.ts": 1779734557.6310577,
  "lib/mocks/componentsHome.ts": 1779739514.4315956,
  "components/blog/PostCTA.tsx": 1779729827.7204902,
  "components/blog/PostContent.tsx": 1779729855.9957733,
  "components/blog/CategoryFilter.tsx": 1779735517.0816305,
  "components/blog/PostCard.tsx": 1779735569.330534,
  "components/blog/PostCardFeatured.tsx": 1779735570.372532,
  "components/blog/BlogHeroCategoryMenu.tsx": 1779736222.5153668,
  "components/blog/BlogHero.tsx": 1779736929.678276,
  "components/blog/NewsletterCard.tsx": 1779737728.782117,
  "components/blog/SecondaryNewsCard.tsx": 1779738231.952401,
  "components/blog/LatestNewsMobileCarousel.tsx": 1779738290.9153175,
  "components/blog/LatestNews.tsx": 1779738318.6652782,
  "components/blog/CategoryShowcase.tsx": 1779739606.745635,
  "components/blog/CategoryShowcaseCarousel.tsx": 1779739668.8813803,
  "components/layout/Header.tsx": 1779734644.7739334,
  "components/layout/HeaderDesktopNav.tsx": 1779735529.290608,
  "components/layout/HeaderMobileMenu.tsx": 1779735540.7005868,
  "components/layout/icons.tsx": 1779738252.2443721,
  "README.md": 1779729442.0465262,
  "AGENTS.md": 1779729475.4962835,
  "CLAUDE.md": 1779795073.4181435,
  "public/file.svg": 1779729442.0464032,
  "public/globe.svg": 1779729442.0468512,
  "public/vercel.svg": 1779729442.047011,
  "public/next.svg": 1779729442.0470345,
  "public/window.svg": 1779729442.0470345,
  "public/logo-mobility-white.svg": 1779734501.5602095
}